user_id,item_seq
1,"[162, 146, 102, 477, 78]"
2,"[351, 134, 484, 142, 390]"
3,"[278, 221, 354, 26, 354, 79, 371, 177, 168, 44, 5]"
4,"[321, 240, 426]"
5,"[466, 105, 386, 38, 201, 283, 133]"
7,"[105, 36, 383, 162, 206, 366, 359]"
8,"[372, 339, 321, 137]"
9,"[472, 327, 323, 382]"
10,"[192, 122, 139, 431, 216, 76, 260]"
11,"[51, 116, 111, 362, 349]"
12,"[318, 172, 254, 123, 111, 231, 65, 81, 261]"
13,"[109, 313]"
14,"[264, 346, 459, 360, 301, 399, 473, 433, 476]"
15,"[178, 162, 84, 153, 485, 51, 25, 89]"
16,"[87, 483, 19, 42, 76, 493, 164]"
17,"[247, 247, 151, 391]"
18,"[132, 21, 175, 186, 407, 345, 156, 309, 469, 102, 344, 147, 79]"
19,"[72, 393, 230, 132, 105, 283, 398, 381, 482, 466, 265, 153]"
20,"[15, 274, 4, 233, 357, 64]"
21,"[360, 283, 30, 276, 442, 413, 18, 147]"
22,"[42, 235, 247, 293, 27, 146, 319, 249]"
23,"[129, 213, 74, 367, 413, 405, 145, 402, 97, 160, 402, 297, 353, 485]"
24,"[267, 116, 237, 90, 229, 209]"
25,"[308, 304, 324, 18, 351]"
26,"[399, 429, 369, 435, 221]"
27,"[102, 127, 237, 457, 105, 337, 45, 98]"
28,"[42, 49, 439, 34, 24, 186, 287]"
29,"[139, 50, 7, 351, 107, 138, 60, 415, 4, 271]"
30,"[226, 368, 174, 421, 351, 454, 269, 398]"
31,"[285, 96, 61, 223, 359, 253, 189, 406, 251, 50, 95, 439, 309]"
32,"[134, 196, 247, 413, 113, 130, 223, 226, 347, 406, 140, 109]"
33,"[144, 432, 364, 175, 143, 272, 369, 371]"
34,"[372, 208]"
35,"[449, 6, 88, 31, 497, 236, 283, 320, 49, 431]"
36,"[159, 21, 112, 308, 418, 394, 26, 470, 275, 454, 332, 277]"
37,"[9, 294, 56, 153, 181, 30, 403, 262, 100]"
38,"[297, 205, 398, 200, 170, 313, 86, 58]"
39,"[253, 233]"
40,"[60, 168, 119, 32, 268, 429, 462, 209, 401, 45, 153, 275]"
41,"[381, 366, 497, 363, 332, 187, 499, 10, 327, 355, 430]"
42,"[86, 491, 334, 462, 480, 446, 9, 359]"
43,"[83, 415, 356, 267]"
44,"[274, 248, 175, 144, 285, 24, 74]"
45,"[403, 491, 491, 413]"
46,"[205, 341, 140, 166, 366, 342, 7, 339, 452, 478, 263, 121]"
47,"[346, 235, 261, 267, 493, 442, 155]"
48,"[186, 160, 384]"
49,"[370, 46, 51, 21, 426, 368, 26, 383, 137, 131, 349]"
50,"[150, 413, 45, 223, 437, 102, 446]"
51,"[359, 339, 53, 58, 150, 337, 372]"
52,"[356, 156, 467, 308, 362]"
53,"[190, 132, 191, 431, 334, 478, 296, 313, 354, 171, 328]"
54,"[349, 486, 453, 474, 107, 438, 399, 405]"
55,"[446, 160, 292, 374, 483]"
56,"[426, 292, 234]"
57,"[417, 412, 493, 309, 118, 312, 266, 484, 327, 362]"
58,"[254, 189, 143, 169, 94]"
59,"[207, 227, 282, 66, 297, 261, 171, 215, 69, 346]"
60,"[275, 225, 194, 181, 167, 389, 240, 424]"
61,"[497, 286, 177, 496, 326, 205, 104, 443, 86]"
62,"[394, 453, 166, 482, 281, 138, 473, 478, 432, 481]"
63,"[345, 102, 372, 459, 59, 75, 355, 262, 431, 204, 197, 207, 389]"
64,"[263, 104, 107, 335, 84, 347, 148, 100, 496, 346, 180]"
65,"[332, 64, 189, 203]"
66,"[373, 438, 251, 305, 97, 143, 44, 420, 30, 129, 83]"
67,"[152, 482, 448, 238, 43, 426]"
68,"[316, 155, 97, 54, 223, 12, 475, 34, 190]"
69,"[26, 238, 411, 171, 211, 18, 328, 346, 85, 229]"
70,"[379, 362, 494, 325, 423]"
71,"[130, 268, 23, 319, 377, 210, 89, 402, 446, 405, 192, 452, 264]"
72,"[291, 492, 495, 332, 358, 56, 336]"
73,"[475, 432, 390, 318]"
74,"[406, 20, 132, 350, 223, 282, 5]"
75,"[357, 172, 329, 455, 380]"
76,"[275, 77, 81, 126, 212, 416, 79, 266, 344]"
77,"[366, 309, 274, 445, 256, 367, 406, 137, 271, 24, 216, 249]"
78,"[239, 79, 195, 371, 384, 416, 233, 89, 30, 85, 218, 335, 164, 372, 373]"
79,"[109, 94, 367, 13]"
80,"[157, 315, 204, 230, 301, 299]"
81,"[55, 172, 254, 376, 38, 347]"
82,"[25, 263, 497, 16, 67, 140, 147, 9, 309, 147]"
83,"[441, 132, 112, 387, 58, 279, 9, 121, 330, 190, 90]"
84,"[293, 183, 347, 224, 249, 22, 400, 214, 79, 236, 76, 324, 381]"
85,"[415, 207, 45, 491, 194, 453, 261, 283, 359, 11, 492, 13]"
86,"[32, 425, 159, 229, 477, 163, 215]"
87,"[173, 158, 243, 430, 257, 174, 112, 482]"
88,"[283, 106, 78, 425, 257, 207, 438, 193, 42]"
89,"[252, 428, 240, 307, 39, 358]"
90,"[234, 161, 309, 263, 200, 195, 85, 243, 429, 246]"
91,"[297, 275, 206, 392, 219, 196]"
92,"[435, 255, 90, 443, 124, 47, 456, 114, 141, 58, 485, 82]"
93,"[425, 443, 137, 214, 190, 260]"
94,"[55, 36, 391, 220, 332]"
95,"[155, 273, 447, 500, 199, 156, 409, 500]"
96,"[331, 87, 102, 401, 34, 391]"
97,"[146, 52, 444, 415, 62, 175, 51, 411]"
98,"[98, 311, 408, 288, 275, 278, 170, 440]"
99,"[419, 218, 361, 385, 30, 127]"
100,"[440, 277, 208, 375, 213, 176, 26, 337]"
101,"[114, 122, 453, 246, 385, 434, 379, 344]"
102,"[230, 62, 360, 102, 161]"
103,"[189, 288, 245, 24, 341, 24, 468, 83, 354, 294]"
104,"[324, 463, 374]"
105,"[394, 54, 31, 192, 214, 456, 337, 300, 54]"
106,"[160, 463, 435, 334, 256, 191, 279, 375, 16, 403, 149, 274, 169]"
107,"[251, 393, 350, 202, 82, 166, 414, 36, 67, 52]"
108,"[9, 170, 253, 183, 368]"
109,"[184, 94, 91, 143, 83, 242, 373, 215, 33, 182, 169, 347, 384]"
110,"[226, 194, 10, 292, 93, 441, 302]"
111,"[80, 255, 163, 95, 324, 104, 198, 398]"
112,"[323, 276, 188, 279, 9, 295, 421, 26, 263, 492, 66]"
113,"[465, 400, 353, 53, 340, 141, 118, 351, 385, 409, 292, 375, 226, 363, 136, 199, 133, 437]"
114,"[131, 78, 58, 497, 436, 409, 91, 114]"
115,"[354, 402, 290, 408, 467, 391, 122, 292, 179, 347]"
116,"[409, 141, 384, 41, 406, 253, 318]"
117,"[291, 334, 150, 196, 443, 349, 205, 443, 186]"
118,"[311, 131, 405, 17, 137, 464, 246, 125, 394]"
119,"[203, 7, 399, 379]"
120,"[128, 28, 171, 38, 320, 261, 228, 393]"
121,"[24, 137, 149, 359, 222]"
122,"[464, 497, 175, 127, 200, 175, 458, 59, 282]"
123,"[495, 308, 386, 447, 291, 373, 220, 298, 303, 379]"
124,"[402, 274, 309, 407, 190, 492]"
125,"[461, 400, 384, 160, 178, 100, 449, 1, 327, 462]"
126,"[10, 97, 59, 240, 372, 288, 452, 391, 319, 5, 164]"
127,"[72, 368, 403, 122, 378, 213, 23, 58]"
128,"[86, 17, 464, 387, 111, 333]"
129,"[15, 443, 19, 113, 355, 426, 140, 89, 44]"
130,"[311, 60, 142, 362, 475, 219, 467, 459]"
131,"[234, 480, 257, 323, 368]"
132,"[2, 337, 9, 67, 369, 224, 192]"
133,"[352, 36, 371, 206, 304, 38, 178, 247, 107, 211, 484, 103, 349]"
134,"[413, 487, 96]"
135,"[465, 207, 214, 149, 131, 438, 307, 435, 417, 36]"
136,"[440, 496, 381, 220, 247, 45, 10, 373, 129, 23, 467, 247]"
137,"[461, 71, 2]"
138,"[55, 393, 37, 460, 393, 201, 262, 59, 363, 79, 204, 488]"
139,"[126, 5, 441, 168, 90]"
140,"[178, 86, 252, 143, 25, 434, 78]"
141,"[36, 55, 289, 233, 454, 420]"
142,"[7, 323, 161, 155, 100, 63, 74, 174, 332, 409]"
143,"[347, 201, 44, 439, 234, 489, 225, 77, 408, 82, 166]"
144,"[458, 106, 141, 300, 287, 242]"
145,"[442, 272, 421, 232, 484, 343, 155, 292, 185]"
146,"[140, 263, 158, 272, 161, 92]"
147,"[456, 460, 473, 351, 205, 267, 71, 342, 99, 333]"
148,"[12, 162, 348, 90, 132, 339, 221, 69]"
149,"[242, 198, 148, 140, 9, 363, 159, 115, 335, 4, 303]"
150,"[369, 188, 379]"
151,"[133, 225, 193, 212, 249]"
152,"[484, 367, 372, 321, 464, 129, 188, 466]"
153,"[339, 238, 368, 406, 272, 238]"
154,"[425, 53, 167, 77, 145, 197, 317, 328]"
155,"[411, 467, 28, 119, 128, 472]"
156,"[31, 26, 381, 143, 496, 156, 114]"
157,"[128, 146, 348, 318, 104, 238, 333]"
158,"[210, 365, 255, 237, 158, 177, 57, 446, 230, 31, 69, 320, 161, 77, 405]"
159,"[59, 141, 154, 120, 24, 87, 104, 65, 151, 4]"
160,"[198, 163, 463, 94, 304, 364, 349, 273, 412, 335, 18]"
161,"[60, 62, 399, 78, 485, 77, 396]"
162,"[49, 37, 208, 17, 43, 435, 475, 104, 35, 465, 411, 293, 303]"
163,"[453, 450, 368, 425, 378]"
164,"[28, 414, 21, 450, 165, 151, 232]"
165,"[369, 436, 440, 223, 96, 422, 492, 146, 256]"
166,"[184, 463, 233, 359, 451, 490, 495, 489, 424, 77]"
167,"[439, 332, 458, 462, 55]"
168,"[187, 372, 352, 24, 79, 369, 301, 302, 106, 459, 113, 107]"
169,"[40, 342, 244, 203, 349, 246, 278, 63, 184, 383, 483]"
170,"[326, 376, 276, 417, 255, 471, 44, 202, 299, 163, 82, 168, 344, 127]"
171,"[50, 453, 367, 194, 17, 403, 225]"
172,"[51, 79, 116, 379, 456, 432, 321, 453, 68]"
173,"[395, 324, 163]"
174,"[381, 234, 10, 108]"
175,"[127, 323, 476, 115, 73]"
176,"[454, 483, 182, 259, 195, 137]"
177,"[458, 467, 483, 181, 14, 158, 85, 382, 275]"
178,"[454, 85, 332, 19, 261, 374]"
179,"[401, 171, 391, 348, 434]"
180,"[341, 446, 38, 111, 183, 12, 384, 135, 179, 43, 497, 74]"
181,"[265, 25, 250, 308, 259, 333, 204, 27, 458, 395, 163, 51]"
182,"[121, 150, 73, 57, 202, 46, 149, 130, 207, 118, 466, 398, 167, 414]"
183,"[427, 471, 316, 93, 98, 496, 456, 465, 318, 463]"
184,"[148, 431, 261, 36, 390, 277, 209, 394, 331, 103, 283, 126, 191]"
185,"[416, 203, 248, 56, 318, 429, 299, 216]"
186,"[115, 249, 498, 382, 170, 130, 298, 283, 368]"
187,"[150, 445, 400, 481, 51, 325, 18, 408, 231]"
188,"[471, 296, 62, 121, 70, 385]"
189,"[116, 106, 421, 366, 226, 50, 144, 464, 448, 346, 386, 103, 366]"
190,"[51, 480, 276, 61, 454, 223, 6, 330, 386, 261]"
191,"[300, 281]"
192,"[497, 342, 295, 393, 76]"
193,"[326, 11, 139, 256, 229, 347, 342, 367, 452, 184]"
194,"[484, 3, 295, 319, 484, 405, 212]"
195,"[116, 68, 218, 94, 438, 208, 466, 70, 104, 419, 117]"
196,"[81, 78, 211]"
197,"[448, 316, 281, 16, 285, 242]"
198,"[340, 359, 360, 383, 257, 218, 48, 217, 444]"
199,"[494, 154, 469, 381, 196, 355, 78, 418, 252]"
200,"[108, 499, 261, 464, 453, 451, 59, 462, 43]"
201,"[225, 316, 161, 96, 16, 374]"
202,"[202, 255, 468, 452, 137, 157, 271, 155, 442, 123, 49, 343]"
203,"[303, 173, 395, 440, 280, 180, 407, 284, 5, 132, 456, 438]"
204,"[110, 185, 421]"
205,"[61, 153, 155]"
206,"[321, 135, 471, 10, 133, 1, 270, 203, 363]"
207,"[473, 93, 189, 218, 20]"
208,"[309, 358, 225, 136, 497, 414]"
209,"[67, 51, 140, 135, 78, 82]"
210,"[55, 138, 259, 481, 61, 174, 492, 421, 364, 252]"
211,"[210, 86, 324, 154, 463, 374, 446]"
212,"[48, 375, 27, 162, 337, 156, 46, 409, 438, 229, 263, 329]"
213,"[29, 364, 41, 144, 58, 54, 91, 139, 21, 8, 106, 23, 400, 268, 114, 101, 309]"
214,"[50, 141, 415, 472, 427]"
215,"[68, 346, 83, 318, 436, 198, 92, 128, 343, 105, 237]"
216,"[304, 458, 117, 211, 290, 336, 394]"
217,"[117, 496, 440, 60, 475, 285, 274, 390]"
218,"[287, 436, 234, 86, 148, 137, 328]"
219,"[56, 48, 358]"
220,"[125, 489]"
221,"[323, 74, 246]"
222,"[483, 312, 112, 355, 206, 44]"
223,"[492, 426, 175, 342, 472, 321]"
224,"[233, 206, 95, 147, 296, 167, 48]"
225,"[169, 58, 321, 325, 41, 344]"
226,"[316, 217, 278, 215, 36, 237, 222, 107, 320, 361, 407]"
227,"[347, 129, 396, 458, 368, 189]"
228,"[457, 168, 128, 499, 62, 343, 367, 324, 456, 4, 198]"
229,"[414, 384, 230, 279, 472, 202, 406]"
230,"[202, 45, 2, 454, 351, 256, 124, 435]"
231,"[457, 322, 422, 459, 65, 447, 194, 118, 11, 460]"
232,"[248, 93, 448, 420, 473, 286, 411, 208]"
233,"[291, 30, 98, 200, 210, 403]"
234,"[177, 328, 222, 200, 200]"
235,"[80, 128, 337, 326, 343, 197, 472, 47]"
236,"[44, 384, 123, 21, 44, 492, 64]"
237,"[139, 358, 120]"
238,"[282, 22, 76, 108, 126, 69, 171]"
239,[359]
240,"[328, 340, 215, 23]"
241,"[159, 128, 280, 43, 166, 159, 166, 202, 372, 211, 68, 215, 146]"
242,"[476, 397, 357, 86, 448, 354]"
243,"[154, 25, 314, 440, 73]"
244,"[296, 151, 12, 430, 91]"
245,"[146, 70, 46]"
246,"[418, 283, 214, 108]"
247,"[470, 7, 119]"
248,"[450, 288, 369]"
249,"[127, 158, 172, 82, 169, 481, 197, 406, 156, 76]"
250,"[328, 262, 338, 98, 426, 133]"
251,"[264, 358, 238, 460, 89, 422, 73]"
252,"[480, 6, 244, 382, 415]"
253,"[224, 492, 332, 420, 82, 449, 483, 85, 149, 22]"
254,"[285, 329, 347, 401, 468, 257, 261, 379, 161, 387]"
255,"[151, 435, 247, 269, 258]"
256,"[157, 327, 163, 248, 70, 215, 81, 192, 463, 418]"
257,"[196, 399, 26, 292]"
258,"[409, 231, 420, 183, 462, 118]"
259,"[65, 26, 328, 119, 239, 205, 238, 384, 311, 88, 345, 320, 79, 404]"
260,"[340, 68, 492, 462, 92, 63, 192, 267, 52, 438]"
261,"[42, 259, 161, 101, 130, 216, 17, 262, 243, 410]"
262,"[357, 155, 242, 396, 307]"
263,"[472, 306, 222, 472, 470, 16]"
264,"[163, 481, 183, 475, 258, 2, 424, 208, 49]"
265,"[262, 18, 413, 440, 23, 248, 382, 258, 288]"
266,"[190, 465, 472, 133, 466, 458, 249]"
267,"[433, 22, 198, 45, 257, 477, 428, 157, 457, 255, 481, 5]"
268,"[400, 315, 165, 329, 191, 13, 196, 472, 126, 86, 35, 315, 198, 402]"
269,"[1, 307, 172, 337, 9, 163, 481, 189]"
270,"[478, 47, 481, 495]"
271,"[256, 339, 325, 186, 279, 396, 155]"
272,"[52, 43, 94, 95, 173, 87]"
273,"[354, 114, 318, 147, 377, 374]"
274,"[230, 289, 8, 306, 197, 129, 121, 430, 229]"
275,"[26, 333, 22, 435, 188, 247, 149, 101]"
276,"[171, 419, 331, 175, 224, 416, 122, 439, 361, 399, 58]"
277,"[254, 407, 343, 306, 228]"
278,"[404, 452, 191, 225, 77, 224, 376, 90, 14]"
279,"[267, 336, 346, 100, 448, 438, 347, 250, 455, 216]"
280,"[297, 400, 149, 356, 439, 453]"
281,"[84, 479, 336, 457, 279, 294, 127, 241, 485]"
282,"[189, 486, 23, 276, 428, 359, 401]"
283,"[291, 418, 369, 117, 329, 137, 488, 404, 473, 65]"
284,"[73, 292, 217, 119, 410, 76, 48, 393, 16, 428, 185]"
285,"[276, 468, 315, 162, 153, 445, 134, 98, 407]"
286,"[54, 480, 60, 338]"
287,"[38, 415, 434, 19, 327, 348, 10, 196]"
288,"[380, 423, 409, 154]"
289,"[269, 438, 83, 42, 444, 414, 325, 181, 78]"
290,"[214, 233, 70, 477, 418, 448, 357]"
291,"[369, 38, 235, 448, 448, 53, 347, 246, 274]"
292,"[170, 225, 62, 180, 258, 464, 349]"
293,"[321, 324, 402, 297, 143, 341, 191]"
294,"[378, 270, 202, 272, 242, 129, 435, 412, 150, 477]"
295,"[214, 392, 496, 216, 332, 144, 136, 156]"
296,"[355, 221, 456, 188, 290, 118, 312, 28]"
297,"[73, 193, 232, 368, 350, 149, 291, 54]"
298,"[4, 414, 178, 180, 265, 165, 210, 303, 216, 90, 441, 73, 32]"
299,"[347, 38, 361, 416, 388, 116, 19, 491]"
300,"[240, 224, 333, 399, 192, 500, 444, 365]"
301,"[485, 125, 384, 412, 191, 253, 376, 335, 156, 339, 196]"
302,"[69, 156, 292, 446, 58, 422, 417, 401]"
303,"[309, 73, 391, 28, 40, 413, 304, 248, 299, 165, 348, 200]"
304,"[203, 96, 302, 191, 182, 273, 420, 445, 331, 157, 284, 422]"
305,"[79, 451, 293, 115, 118, 491, 369, 88, 130, 89, 244, 344]"
306,"[493, 259, 204, 499, 25, 266, 240, 205, 274, 490, 324, 287, 119]"
307,"[45, 432, 14, 337, 107, 90, 12, 138, 193]"
308,"[443, 375, 191, 197, 33, 419, 411, 187]"
309,"[117, 132, 417]"
310,"[371, 268, 405, 289, 44, 207, 206, 220]"
311,"[101, 398, 56, 362, 261, 388, 290, 358, 352]"
312,"[146, 296, 385, 257, 336, 157, 422, 25, 423, 297, 181, 182, 308]"
313,"[495, 472, 317, 108, 63, 401, 28, 155]"
314,"[8, 456, 444, 446, 441, 421, 89, 324, 242, 108, 288, 309, 22]"
315,"[320, 494]"
316,"[27, 305, 37]"
317,"[382, 107, 469, 316, 416, 379, 373]"
318,"[145, 377, 61, 110]"
319,"[31, 207, 451, 6, 366, 301, 81, 212, 441, 476, 210]"
320,"[401, 261, 168, 392, 208, 98, 65, 205]"
321,"[51, 198, 353, 206, 235, 54, 287]"
322,"[247, 189, 151, 441, 186]"
323,"[457, 249, 173, 190, 104]"
324,"[227, 257, 177, 122, 492, 197, 3, 457, 254, 46, 77, 416, 260, 318, 488]"
325,"[72, 369, 244, 277, 499, 366, 254, 151, 48]"
326,"[398, 137, 286, 240]"
327,"[257, 154, 250, 35, 321, 17, 98, 76, 207, 233, 94]"
328,"[77, 361, 301, 127, 269, 402, 170]"
329,"[146, 122, 297, 44, 424, 500, 387, 456, 138]"
330,"[12, 39, 249, 389, 141, 13, 160, 80, 291, 478, 443, 125, 333]"
331,"[163, 365, 78, 125, 267, 356, 81, 46, 391, 204]"
332,"[449, 110, 7, 64, 207, 281, 56, 76, 269, 176, 193]"
333,"[235, 270, 282, 58, 6, 291, 277]"
334,"[424, 101, 11, 295, 363, 67, 122, 107, 266, 388, 176, 212]"
335,"[115, 249, 126, 160, 225, 348, 128, 19, 430, 436]"
336,"[342, 211, 277, 45, 288, 352]"
337,"[229, 119, 33, 450, 244, 256]"
338,"[462, 286, 42, 86, 461, 458, 125]"
339,"[415, 64, 35, 269, 186, 136, 488, 140, 57]"
340,"[135, 108, 381, 118, 365, 162, 58]"
341,"[206, 319, 134, 395, 62, 364, 217, 191, 313]"
342,"[469, 307, 489]"
343,"[44, 494, 73, 1, 309, 349, 436]"
344,"[404, 412, 265, 174, 408, 203, 216, 2, 468, 43, 246]"
345,"[290, 193, 421, 367, 33, 168]"
346,"[253, 254]"
347,"[87, 412, 258, 450, 189, 430, 255, 414, 314, 407, 142]"
348,"[436, 227, 390, 373, 279, 460, 470, 232]"
349,"[301, 243, 19, 157, 344, 410, 192, 401, 108]"
350,"[395, 494, 441, 206, 162, 47, 73, 265, 161, 398, 59, 106, 463, 395]"
351,"[224, 494, 367, 87, 412, 378, 301]"
352,"[56, 284, 102, 360, 85, 472]"
353,"[207, 70, 49, 300, 349, 376]"
354,"[284, 352, 274, 346]"
355,"[205, 263, 137, 93, 123, 377, 321, 351]"
356,"[292, 408, 385, 114]"
357,"[35, 136, 214, 213, 489, 320, 495, 428, 73, 246, 298]"
358,"[334, 493, 160, 286, 463, 83]"
359,"[346, 62, 438, 446, 404, 183, 367, 146]"
360,"[204, 62, 408, 265, 187, 231, 69, 269, 478, 51, 56, 477, 5, 230, 26]"
361,"[498, 384, 137]"
362,"[353, 92, 106, 276, 205, 373, 34]"
363,"[248, 147, 251, 385, 482, 363]"
364,"[253, 248, 300, 246, 408, 22, 14, 101, 65]"
365,"[56, 115, 227, 344, 212, 380, 22, 124, 122, 384, 390]"
366,"[254, 277, 223, 183, 184, 128, 240]"
367,"[187, 439, 102, 4, 137, 73, 377, 307]"
368,"[115, 207, 256, 487, 330, 346, 299]"
369,"[165, 272, 413, 265, 449, 195, 224]"
370,"[358, 53, 97, 374, 96, 112]"
371,"[412, 417, 229, 290, 256, 257, 212, 284, 5, 419, 395, 227, 31]"
372,"[438, 391, 1, 240, 299, 226, 481, 200, 351, 273, 451]"
373,"[338, 89, 455, 452, 65, 145, 36, 153, 238, 297, 287]"
374,"[326, 70, 113, 293, 412, 120, 94, 83, 110, 431, 478, 223]"
375,"[156, 306, 129]"
376,"[372, 359, 80, 226, 228, 437]"
377,"[135, 218]"
378,"[440, 228, 8, 230, 341, 334, 351]"
379,"[440, 497, 322, 29, 43, 392, 494, 373, 471, 232]"
380,"[486, 478, 148, 452, 325, 443, 247]"
381,"[261, 104, 10, 344, 365, 21, 62, 57, 43]"
382,"[233, 433, 279, 397, 369, 390, 55, 52]"
383,"[406, 355, 187]"
384,"[211, 310, 278, 485, 301, 150, 426, 325, 427, 159]"
385,"[153, 203, 407, 436, 92, 182, 55, 288]"
386,"[188, 237, 74, 472, 108, 328]"
387,"[388, 53, 39, 178, 196, 226, 353]"
388,"[440, 1, 427, 214, 444, 21, 319]"
389,"[281, 87, 258, 493, 446]"
390,"[219, 330]"
391,"[452, 374, 317, 303, 194, 445, 416, 450, 96, 176, 405]"
392,"[34, 254]"
393,"[30, 356, 169, 22, 15, 188]"
394,"[498, 117, 116, 71, 321, 424, 216, 22, 298]"
395,"[223, 413, 377, 313, 16, 79, 344, 308, 193]"
396,"[83, 400, 462, 321, 498, 294, 254, 213]"
397,"[277, 206, 217, 399]"
398,"[66, 289, 127, 167, 61, 489, 180, 201, 490]"
399,"[303, 421, 323, 49, 391, 121]"
400,"[253, 189, 301, 329]"
401,"[267, 127, 316, 447, 4, 396]"
402,"[288, 173, 440, 24, 127, 273, 242]"
403,"[13, 395, 409, 311, 240, 91, 345, 84]"
404,"[452, 135, 187, 346, 114]"
405,"[234, 68, 377, 123, 373, 252, 360]"
406,"[195, 83, 375]"
407,"[117, 443, 404, 197, 495]"
408,"[211, 172, 144, 160, 432]"
409,"[434, 425, 350, 340, 100, 114, 113, 291, 57, 395, 13]"
410,"[490, 4, 1, 14, 74, 392, 454, 5, 329, 76, 476, 286, 466, 449, 247]"
411,"[205, 14]"
412,"[379, 377, 7, 83, 310, 143, 321, 214]"
413,"[40, 445, 19, 152, 104, 429, 402]"
414,"[376, 423, 437, 268, 241, 82, 29, 37, 126, 426, 448]"
415,"[112, 208, 259, 123, 137]"
416,"[12, 164, 295]"
417,"[339, 299, 404, 262, 420, 195, 35]"
418,"[216, 74, 108, 18, 288, 301, 39, 5]"
419,"[211, 30, 289, 256, 144, 464, 274, 65, 294]"
420,"[308, 251, 188, 279, 21, 457, 170, 396]"
421,"[368, 472, 258, 84, 120, 400, 145, 4, 413, 492]"
422,"[464, 75, 308, 77, 347, 201, 43]"
423,"[163, 308, 462, 27, 477, 212, 125, 37, 365, 450]"
424,"[144, 187, 41, 81]"
425,"[90, 26, 445, 252, 385, 389, 479]"
426,"[109, 78, 437, 56, 473, 95, 472]"
427,"[87, 349, 141, 402, 380, 349, 403, 402]"
428,"[182, 127, 347, 265, 47, 356, 111, 429, 158, 388]"
429,"[381, 40, 477, 100, 385, 355, 338, 130]"
430,"[186, 370, 476, 285, 318, 346, 262, 391]"
431,"[252, 444, 418, 401, 380, 182]"
432,"[286, 39, 151, 165, 334, 175, 247, 194]"
433,[152]
434,"[332, 131, 86, 96, 29, 378]"
435,"[273, 39, 383, 446, 204, 340, 107, 391]"
436,"[315, 148, 8, 229, 239, 382, 470, 339, 131, 82, 5, 234, 343, 220]"
437,"[206, 291, 41, 331, 20, 178, 351, 306, 303, 491]"
438,"[286, 496, 141, 417, 482, 215, 371, 232, 201]"
439,"[402, 3, 65, 247, 473]"
440,"[133, 374, 455, 234]"
441,"[435, 162, 180, 414, 201, 295, 61, 244, 294]"
442,"[235, 123, 54, 208]"
443,"[378, 55, 137, 206, 380, 299, 450]"
444,"[311, 192, 437, 91, 9, 405, 136, 4]"
445,"[470, 404, 326, 337, 135, 69]"
446,"[346, 340, 473, 180, 379, 7, 479, 33]"
447,"[243, 243, 379, 190, 305, 480, 285, 260, 433, 174, 170, 230]"
448,"[330, 324, 183, 275, 422, 57, 115, 197, 445]"
449,"[30, 270, 268]"
450,"[430, 308, 138, 233, 460, 413, 398]"
451,"[348, 107, 498, 41, 381, 214, 422, 360, 325]"
452,"[252, 301, 203, 92, 3, 54]"
453,"[356, 241, 247, 378, 185, 276, 91, 364, 230, 310]"
454,"[393, 318, 259, 298, 129, 278]"
455,"[281, 378, 342, 283]"
456,"[499, 153, 469, 409, 37]"
457,"[453, 103, 33, 350, 444]"
458,"[7, 142, 253, 230, 324, 179, 266, 213]"
459,"[105, 486, 425, 99, 134, 43, 117, 300, 107, 11, 200, 427]"
460,"[203, 85, 5]"
461,"[56, 297, 273, 90, 397, 398, 473, 384, 277, 389]"
462,"[67, 461, 72, 215, 176, 383, 395, 55]"
463,"[306, 345, 32, 359, 291, 93, 24, 52, 342]"
464,"[267, 202, 61, 90, 379, 159]"
465,"[183, 187, 228, 350, 25, 315, 369, 395]"
466,"[262, 130, 67, 31, 178, 307, 355, 345]"
467,"[44, 403, 329, 37, 74, 328, 302, 57]"
468,"[142, 60, 114, 112, 351, 75, 363]"
469,"[159, 10, 129, 302, 261, 130]"
470,"[67, 4, 233]"
471,"[391, 211, 485, 332, 116]"
472,"[158, 128, 77, 208, 74, 354]"
473,"[162, 70, 337]"
474,"[150, 125, 48, 88, 143, 3, 177]"
475,"[265, 103, 241, 369, 81, 351, 491, 39, 377, 122, 427, 230]"
476,"[65, 220, 467, 436, 420]"
477,"[447, 277, 414, 299, 193, 448, 126, 314, 274]"
478,"[339, 451, 465, 32, 12, 444, 106, 442, 89, 139]"
479,"[307, 329, 482, 150, 69, 438, 5]"
480,"[124, 62, 59, 132, 348, 437, 260, 482, 171, 160, 430, 300]"
481,"[120, 318, 191, 115, 365, 429, 259, 267]"
482,"[121, 321, 346, 181, 149, 142, 86, 454, 488]"
483,"[263, 323, 119, 215, 111, 228, 184, 111, 407, 335, 231]"
484,"[400, 102, 347, 263, 48, 450, 308, 454, 208, 400]"
485,"[324, 267, 201, 442, 297, 129, 5, 78, 28, 235]"
486,"[58, 477, 120, 168, 493, 392, 364, 34, 38, 323, 139, 394, 106]"
487,"[324, 335, 455]"
488,"[94, 431, 241, 461, 108, 90, 185, 12, 301]"
489,"[53, 13, 122, 194]"
490,"[42, 304, 448, 281, 288]"
491,"[49, 86, 294, 413, 192, 32]"
492,"[105, 150, 288, 174, 122]"
493,"[211, 27, 210, 205, 156, 396, 326, 272, 229, 113, 243]"
494,"[341, 236, 247, 385, 122, 368, 11, 166]"
495,"[376, 336, 479, 417, 436, 308, 377, 130]"
496,"[51, 421, 69, 87, 86, 324, 60, 320, 347]"
497,"[317, 163, 182, 38]"
498,"[59, 286, 50, 321, 498, 254]"
499,"[156, 407, 10, 213, 429, 300, 259]"
500,"[52, 135, 437, 106]"
501,"[229, 167, 353, 23, 415, 410, 274, 172, 446, 318, 368, 229, 9, 235]"
502,"[117, 70, 92, 18, 375, 241, 34, 463]"
503,"[283, 302, 211, 288, 389, 92, 16, 152, 425]"
504,"[142, 461, 458, 473, 166, 286, 240, 452, 1]"
505,"[156, 420, 391, 27, 359, 115, 12, 323, 357, 130, 67, 128, 269]"
506,"[362, 20, 91, 216, 63, 346, 266, 176, 417, 345, 229]"
507,"[272, 22, 346, 345, 148, 36, 340, 360]"
508,"[468, 345, 112, 121, 42, 435, 432, 263, 201, 259]"
510,"[270, 387, 275, 333, 289, 472, 385, 420, 142, 426, 257, 46, 102, 207, 122, 283]"
511,"[231, 19, 80, 356, 126]"
512,"[178, 385, 393, 214, 31, 158, 136, 307, 325, 319]"
513,"[252, 353, 406, 452, 302, 471, 12]"
514,"[272, 497, 86, 395, 293, 329, 386, 299]"
515,"[122, 425, 307, 400, 145, 416, 95, 97, 310]"
516,"[390, 5, 10, 428, 270, 126, 43, 74, 137, 380, 199, 292, 178]"
517,"[166, 393]"
518,"[187, 230, 208, 115, 350, 469, 236, 480, 183, 151, 105, 145]"
519,"[415, 164, 234, 95, 9, 54, 247, 461, 365, 357, 121]"
520,"[499, 69, 147, 489, 386, 60, 461, 317, 306, 324, 77, 173, 83, 299, 37]"
521,"[428, 79, 247, 452, 103, 97, 143, 186, 161, 152, 305]"
522,"[364, 463, 301, 84, 14, 115, 273]"
523,"[423, 18, 233, 278, 466, 375, 205, 181, 222, 138, 82, 444, 194, 347]"
524,"[127, 113, 400, 76, 491, 192]"
525,"[290, 498, 337, 499, 218, 441, 355, 380]"
526,"[305, 49, 487, 362, 455, 144, 142]"
527,"[44, 122, 206, 266, 87, 281, 464, 78, 479]"
528,"[345, 492, 22, 339]"
529,"[296, 116, 32, 439, 284, 155, 106, 47]"
530,"[152, 396, 174, 371, 117, 94]"
531,"[49, 17, 111, 275, 187, 35, 93]"
532,"[334, 1, 404, 479, 115, 334, 404]"
533,"[62, 130, 428, 12, 426, 360, 219, 231, 312, 90]"
534,"[140, 418, 204, 115, 82]"
535,"[436, 457, 13, 4]"
536,"[341, 419, 445, 465, 421, 74, 436]"
537,"[291, 431, 378, 124, 455, 314, 273]"
538,"[108, 76, 445, 493, 317, 386, 45]"
539,"[213, 119, 25, 1, 284, 413, 46, 365, 225]"
540,"[495, 5, 211, 101, 68, 410, 343, 100, 263, 83, 220]"
541,"[204, 254, 70, 91, 29, 16, 373, 302, 379, 141, 463]"
542,"[436, 452, 76, 414, 123, 88, 64, 221, 307, 165]"
543,"[390, 37, 21, 57, 122, 384, 495, 341, 365, 55]"
544,"[282, 426, 423, 223, 343, 409]"
545,"[117, 492, 108, 308, 344, 484, 328]"
546,"[214, 461, 352, 454, 318]"
547,"[111, 77, 98, 1, 82, 104]"
548,"[256, 222, 357, 88, 421, 211, 401, 33, 227]"
549,"[27, 243, 410, 201]"
550,"[473, 482, 475, 275, 465, 131, 274, 95, 317, 382, 150]"
551,"[345, 54, 454, 284, 100, 367, 306, 417, 174, 71, 126, 268, 239, 351, 251, 105]"
552,"[150, 307, 407, 229, 354, 500, 443, 365, 246, 307, 134]"
553,"[20, 190, 145, 399, 361, 95, 4, 380, 289]"
554,"[1, 5, 169, 475]"
555,"[251, 394, 190, 387, 239, 303, 379, 230, 187]"
556,"[495, 39, 334, 435, 23, 225, 395]"
557,"[8, 472, 460, 73, 256, 271, 34]"
558,"[7, 52, 48, 287, 127, 176, 282, 262, 195, 268, 407]"
560,"[482, 184, 252, 447, 425, 484, 224, 493]"
561,"[496, 223, 158, 77, 183, 453, 499, 201, 437]"
562,"[174, 347, 349, 482, 128, 71, 45, 374, 411]"
563,"[33, 112, 4, 278, 22, 357, 167, 132, 364, 409]"
564,"[68, 205, 299, 261, 371, 17, 13, 52, 33]"
565,"[363, 111, 51, 34, 319, 400, 159, 59]"
566,"[269, 348, 82, 275, 225, 379, 13, 74, 418, 191, 189, 420]"
567,"[89, 360, 241, 139, 121, 441, 24, 353, 20, 144, 342, 478, 39, 24, 225, 480]"
568,"[258, 126, 379, 260, 119, 272, 32, 254]"
569,"[29, 350, 449, 31, 41, 381, 495]"
570,"[478, 325, 358, 24, 20, 14, 468, 347, 58]"
571,"[444, 80, 245, 68, 403, 229, 45, 220, 438, 265, 25, 251]"
572,"[493, 54, 96, 2, 265, 140, 257, 237, 338, 265, 52]"
573,"[239, 136, 406, 191, 311, 365, 465, 387, 350, 351, 29, 124, 267, 358, 393, 88, 398]"
574,"[1, 482, 248, 448]"
575,"[193, 271, 157, 261, 371, 366, 176, 395, 310, 481, 421]"
576,"[176, 183, 494, 38, 467, 82, 385, 411, 172, 256, 363, 74, 147, 204, 374, 219, 286]"
577,"[196, 156, 498, 64, 242, 391, 350, 374, 15, 391, 254, 199, 207, 294]"
578,"[467, 87, 39, 495, 349, 174]"
579,"[164, 154, 282, 499, 25, 239, 355, 406, 352, 276]"
580,"[207, 339, 467, 300, 96, 388, 226]"
581,"[331, 342, 227, 252, 302, 419, 482, 86, 466]"
582,"[440, 317, 179, 55, 487, 486, 403, 195, 286, 268, 26, 447, 85]"
583,"[446, 451, 308, 249, 201, 375, 413, 41]"
584,"[388, 83, 330, 348, 262, 416, 352, 457, 155, 313]"
585,"[480, 313, 444, 338, 90, 182]"
586,"[421, 204, 11, 111, 387, 416, 268]"
587,"[202, 440, 45, 86, 408, 245, 41, 255, 142, 149]"
588,"[396, 213, 461, 499, 82, 190]"
589,"[337, 368, 172, 314, 130, 333, 208, 309, 188]"
590,"[75, 198, 200, 317, 115, 162, 275, 397, 171]"
591,"[22, 9, 330, 271, 91, 103, 220, 355, 2, 128]"
592,"[138, 161, 101, 407, 290, 181, 68, 10]"
593,"[60, 480, 383, 174, 468, 211, 175]"
594,"[336, 362, 484, 229, 340, 498, 95, 85, 405, 306, 25]"
595,"[26, 239, 422, 197, 326, 145, 118, 271, 178, 302, 173]"
596,"[156, 451, 200, 133, 227, 332, 301, 8]"
597,"[364, 331, 428, 168, 439, 194, 439, 169, 402]"
598,"[48, 168, 139, 473, 381, 422, 127, 435, 469, 67, 52, 121, 469, 340]"
599,"[386, 93, 369, 375, 70, 218, 254]"
600,"[112, 137, 189, 212, 99, 307, 244, 157, 284]"
601,"[118, 250, 259, 212, 474, 223, 368, 61, 472]"
602,"[121, 240, 354, 108, 365, 19, 481, 387, 100, 37, 276]"
603,"[296, 40, 10, 437]"
604,"[420, 488, 358, 40, 322, 386, 422, 1, 113, 380]"
605,"[190, 371, 116, 300]"
606,"[429, 198, 329, 206, 245, 113]"
607,"[285, 456, 350, 454, 198, 115, 238, 265, 314, 121]"
608,"[266, 372, 61, 30, 290, 167, 352, 217, 226, 227, 353, 308, 32, 421, 14, 184]"
609,"[202, 80, 365, 119, 300, 81, 484, 391, 175]"
610,"[484, 308, 97, 255, 275, 230, 31, 40]"
611,"[300, 206, 88, 43, 78]"
612,"[99, 217, 455, 116, 282, 169, 61, 206, 400]"
613,"[288, 14, 88, 22, 86, 121, 184, 400]"
614,"[27, 187, 471, 396]"
615,"[73, 263, 124, 221, 301, 422, 47, 196]"
616,"[65, 498, 231, 439, 424, 131, 281, 302, 234, 242, 345]"
617,"[482, 468, 191, 319, 373, 463, 266]"
618,"[482, 142, 65, 109, 130, 221, 353, 153, 274]"
619,"[361, 54, 132, 162, 446, 57, 391, 48]"
620,"[251, 321, 19, 214, 176, 155, 136, 411]"
621,"[281, 148, 38, 141, 264, 349, 172, 170, 140, 48]"
622,"[99, 500, 383, 422, 288, 13, 165]"
623,"[105, 360, 93, 402]"
624,"[100, 142, 123]"
625,"[367, 108, 291, 233, 390, 2, 214, 358, 170, 139]"
626,"[437, 272, 307, 191, 357, 12, 61, 283, 220, 270, 39, 104, 397]"
627,"[87, 38, 77, 78, 465, 194, 196]"
628,"[469, 101, 271, 34, 281, 21]"
629,"[373, 474, 477, 15, 69, 455, 206, 124, 247, 130]"
630,"[332, 116, 343, 274, 108, 169, 399, 292, 144]"
631,"[169, 108, 206, 101, 167, 478, 445]"
632,"[237, 69, 187, 329, 17, 234, 397, 358]"
633,"[70, 20, 432, 388, 14, 355, 208]"
634,"[475, 278, 451, 76, 234, 45]"
635,"[227, 170, 305, 76, 485, 157, 227, 246, 355, 4, 276]"
636,"[415, 419, 266, 313, 487, 49, 237, 271, 152, 261, 394]"
637,"[310, 147, 371, 2, 37, 104, 12, 45, 375]"
638,"[43, 307, 295, 159, 328]"
639,"[232, 83, 125, 49, 17, 491]"
640,"[210, 434, 142, 18, 142, 428, 259]"
641,"[346, 412, 175, 107, 287, 421, 172, 120, 434]"
642,"[487, 467, 146, 56, 97, 106]"
643,"[235, 119, 264, 89, 24, 142, 334]"
644,"[53, 192, 11, 178, 366, 368, 215, 200, 317]"
645,"[168, 337, 88, 438, 100, 290, 315, 98]"
646,"[378, 208, 440, 12, 338, 268, 168]"
647,"[39, 248, 181, 480, 37]"
648,"[120, 365, 402, 486, 162, 42, 162]"
649,"[158, 319, 134, 240, 474, 408, 273, 29, 206, 156, 363]"
650,"[270, 56, 92, 172, 363, 121, 383, 391, 77]"
651,"[147, 97, 403, 457, 169, 220, 130, 243, 345]"
652,"[171, 201, 221, 286, 286, 187, 195]"
653,"[107, 289, 108, 185, 388, 132, 203, 287, 388]"
654,"[210, 420, 328, 455, 490, 447]"
655,"[15, 53, 128, 485, 416, 265, 152, 65, 99, 57, 71]"
656,"[19, 143, 493, 498, 76]"
657,"[328, 150, 187, 246, 472, 172, 327]"
658,"[76, 430, 22, 117, 407, 344, 325, 278, 274]"
659,"[104, 92, 34, 109, 345, 30, 38, 244, 456, 228, 423]"
660,"[129, 132, 481, 50, 151]"
661,"[416, 357, 117, 145, 200, 153, 342, 44, 256, 68, 140]"
662,"[469, 454]"
663,"[443, 422, 54, 446, 416, 324]"
664,"[42, 241, 116, 224, 298, 494, 220, 337]"
665,"[469, 190, 198, 393, 274, 235]"
666,"[213, 291, 325, 433, 472, 111, 208, 31, 286, 233, 16]"
667,"[319, 38, 104, 161, 201, 164, 150]"
668,"[109, 289, 300, 104, 44, 494, 324, 182]"
669,"[280, 146, 232, 30, 483, 39]"
670,"[17, 356, 363, 52, 449]"
671,"[468, 245, 64, 382, 493, 56, 87, 213, 440, 147]"
672,"[173, 488, 336, 18, 125]"
673,"[398, 441, 370, 142, 215]"
674,"[134, 455, 323, 149, 171, 100, 226, 18, 43, 160, 14, 346, 390, 131]"
675,"[254, 266, 228, 183, 144, 367]"
676,"[263, 344, 28, 453, 273, 177, 162, 26, 489, 140, 44, 319, 325]"
677,"[279, 74, 308, 388]"
678,"[421, 284, 29, 40, 435, 227]"
679,"[224, 286, 287, 203]"
680,"[155, 298, 434, 117, 195, 335, 244, 244, 139]"
681,"[274, 327, 386, 291, 244, 409, 414, 52, 482, 167, 8, 230]"
682,"[300, 406, 93, 453, 112, 198, 154, 240]"
683,"[198, 196, 271, 161, 98, 371, 14, 306, 443, 180, 265, 310, 305]"
684,"[339, 138, 24, 160, 457, 402, 141]"
685,"[96, 383, 90, 236, 31, 287, 457, 409, 139]"
686,"[328, 62, 319, 253, 255, 326, 192, 155]"
687,"[47, 118, 24, 180, 55, 49, 441, 427, 77, 218, 138, 98, 468]"
688,"[242, 277, 307, 187]"
689,"[371, 371, 281, 59, 342, 249, 487, 45, 414, 362]"
690,"[430, 270, 38, 271, 88, 418, 281, 184, 283, 391, 162]"
691,"[35, 362, 382, 64, 372]"
692,"[91, 432, 145, 316, 109, 90, 328, 397, 172]"
693,"[53, 295, 282, 216]"
694,"[392, 228, 273, 65, 483, 299, 383]"
695,"[285, 48, 360, 283, 257, 269, 132]"
696,"[366, 362, 58, 181, 176, 236, 108, 113, 296]"
697,"[69, 311, 77, 455, 382, 40, 203]"
698,"[152, 465, 23, 87, 251, 94, 176, 217, 241, 449]"
699,"[175, 343, 32, 407, 486, 20]"
700,"[139, 473, 396, 134, 207]"
701,"[185, 82, 158, 7, 443, 134, 42, 318, 346, 450, 369, 283, 207, 51, 309, 229, 461]"
702,"[385, 306, 206, 70, 256, 248]"
703,"[56, 155, 342]"
704,"[323, 452, 136, 212, 328, 475, 117, 273, 380]"
705,"[79, 201, 479, 454, 498, 253]"
706,"[144, 403, 171, 71, 205, 477, 473, 27]"
707,"[274, 163, 14, 88]"
708,"[192, 75, 120, 11, 7, 124]"
709,"[237, 98, 209, 58]"
710,"[255, 136, 132, 408, 388, 335, 112, 336, 153]"
711,"[73, 478, 436, 131, 178, 350, 222, 74, 399, 366, 47, 317]"
712,"[316, 192, 54, 237, 305, 266, 409, 87]"
713,"[377, 168, 45, 439, 212, 123, 487, 363]"
714,"[101, 234, 158, 108, 423, 144, 100, 488, 196, 490]"
715,"[169, 403, 309, 344, 14, 145, 231, 264, 444, 383]"
716,"[489, 240, 31, 152, 341, 182, 190, 24, 438, 101, 324, 386]"
717,"[54, 457]"
718,"[243, 130, 253, 82, 184, 467]"
719,"[282, 359, 306, 243, 80, 436, 469, 165, 282, 468]"
720,"[341, 414, 45, 336, 311, 27, 444, 103, 176, 371]"
721,"[161, 409, 493, 148, 15, 167, 147, 405, 207, 107, 450, 254, 431]"
722,"[259, 44, 218, 428, 203]"
723,"[413, 63, 258, 485, 383, 458, 388, 297, 445, 137, 64, 76]"
724,"[431, 86, 362, 197, 24, 299]"
725,"[376, 356, 103, 113, 88]"
726,"[233, 479, 144, 223, 379, 130, 492, 361, 331, 204, 342, 244, 231]"
727,"[138, 198, 334, 467, 183, 131, 410, 252, 479]"
728,"[164, 341, 417, 310]"
729,"[419, 410, 188, 171, 351, 169, 90, 188, 162, 454]"
730,"[92, 363, 219, 286, 374]"
731,"[121, 100, 6, 146]"
732,"[302, 461, 161, 361, 139, 351, 452, 330, 177]"
733,"[477, 454, 127, 202, 213, 182, 438, 181, 52]"
734,"[119, 243, 198, 461, 449, 450, 96, 98, 157, 278]"
735,"[152, 166, 448, 351, 136, 238, 388, 437, 398]"
736,"[34, 89, 239, 313, 86, 62, 233]"
737,"[292, 329, 108, 356, 48, 354, 417, 436, 157]"
738,"[202, 310, 103, 186, 284, 31, 17, 310, 122, 114, 243, 335, 49]"
739,"[221, 325, 412, 81, 10, 355, 87, 409, 290]"
740,"[111, 246, 329, 340, 49, 124, 480, 370, 310, 336]"
741,"[354, 476, 138, 176, 364, 281, 296]"
742,"[477, 62, 165, 326, 45, 377, 88, 121, 246]"
743,"[155, 187, 116, 21, 396, 256, 323]"
744,"[449, 74, 75, 177, 481, 169, 103, 473, 19]"
745,"[408, 317, 341, 380, 438, 466, 1, 73, 17, 250, 26, 34]"
746,"[30, 190, 438, 185, 213, 85, 137, 475, 1, 492, 437, 39, 404, 408, 124, 173]"
747,"[230, 12, 367, 16, 381, 427]"
748,"[191, 215, 235, 309, 76, 313, 17, 151, 497]"
749,"[138, 457, 229, 374, 263, 440, 33]"
750,[95]
751,"[21, 474, 214, 3, 336, 246, 441, 312, 484, 267, 287, 394, 382, 77]"
752,"[86, 334, 485, 39, 122]"
753,"[389, 140, 66, 270, 404, 375, 412, 487, 31]"
754,"[463, 347, 330, 281, 413, 335, 435, 359, 399, 386]"
755,"[15, 474, 62, 453, 13, 84, 54]"
756,"[49, 314, 469, 460, 273, 25, 54]"
757,"[162, 419, 53, 100, 121]"
758,"[326, 461, 411, 87, 284, 382, 301, 373, 204, 442, 319, 318]"
759,"[452, 47, 277, 385, 174, 118, 79]"
760,"[266, 451, 218, 138, 373, 404, 123, 39, 416, 388, 55, 206, 77, 391]"
761,"[241, 83, 155, 49, 374, 173, 163]"
762,"[393, 281, 37, 107, 242, 191, 5, 428, 429, 198, 159, 281]"
763,"[186, 62, 338, 329, 392, 6, 243]"
764,"[146, 422, 73, 240, 493, 311, 497, 30, 499, 247, 300, 324, 24, 448, 145, 413]"
765,"[435, 265, 334, 101]"
766,"[70, 21, 176, 197, 313, 332, 220]"
767,"[355, 65, 23, 406, 262, 97, 361, 393, 239, 116]"
768,"[181, 98, 335, 91, 438, 253, 25]"
769,"[304, 280, 381, 127, 272, 201, 118, 476, 60]"
770,"[354, 298, 94, 191, 111, 490, 366, 472, 213]"
771,"[358, 127, 70, 35, 422]"
772,"[130, 293, 121, 229, 461, 11, 334]"
773,"[7, 434, 265, 301, 6, 334, 379, 36]"
774,"[358, 460, 31, 157, 224, 479, 64, 301, 167, 401, 158, 168]"
775,"[395, 2, 465, 365, 249, 306, 79, 127, 68]"
776,"[267, 54, 468, 222, 249]"
777,"[90, 99, 73, 199, 482, 231, 62, 401]"
778,"[469, 42, 255, 243]"
779,"[427, 431, 209, 450, 359, 74, 168]"
780,"[311, 443, 214, 21, 439, 404, 234, 21, 226]"
781,"[338, 405, 336, 481, 471, 254, 191]"
782,"[380, 254, 285, 188]"
783,"[370, 308, 108, 499, 40, 246]"
784,"[35, 233, 283, 394, 278, 227, 423, 431, 245, 85]"
785,"[400, 129, 324, 463, 25, 59]"
786,"[73, 418, 366, 152, 212, 401, 405, 203, 290, 50, 148]"
787,"[152, 388, 440, 161, 226, 143, 393, 5, 224, 10, 429]"
788,"[71, 354, 315, 251, 258, 62, 34, 277, 235, 229]"
789,"[498, 265, 38, 300, 56, 417, 387, 146, 413]"
790,"[484, 382]"
791,"[290, 257, 395, 42, 210, 197]"
792,"[392, 278, 69, 24, 285, 433]"
793,"[165, 106, 433, 392, 388, 93, 219, 315, 17]"
794,"[405, 294, 38, 137, 141, 259, 166]"
795,"[236, 157, 334, 414, 71, 136, 158, 256, 61]"
796,"[465, 115, 92, 277, 370, 212, 272, 181, 495, 464, 328, 426, 198, 421]"
797,"[228, 323, 335, 265, 422, 62, 123, 269, 94]"
798,"[323, 151, 49, 475, 70, 30]"
799,"[56, 475, 385, 180, 317, 215, 196, 75, 219]"
800,"[440, 43, 163, 372, 351, 342, 383, 481]"
801,"[95, 441, 15]"
802,"[251, 342, 500, 482, 336, 347, 456, 101, 337, 132, 214, 1]"
803,"[79, 244, 492, 113, 390, 446, 205, 195, 127, 412, 69]"
804,"[187, 384, 470, 25, 80, 213, 358, 289]"
805,"[202, 351, 343, 471, 434]"
806,"[478, 487, 304, 380, 127, 158]"
807,"[476, 443, 270, 44, 348, 244, 24, 102]"
808,"[207, 419, 23, 352, 320, 127, 464, 405]"
809,"[88, 275, 141, 337, 19, 60, 255, 261, 417, 446, 383, 148]"
810,"[499, 397, 473, 142, 484, 219, 465, 86, 228, 377, 147]"
811,"[336, 404, 102, 222, 365, 74, 347, 336, 241, 41]"
812,"[442, 214, 55, 404, 452]"
813,"[426, 289, 44, 143, 208, 500, 308]"
814,"[363, 102, 188, 206, 210, 294]"
815,"[240, 132, 438, 483, 421, 190, 34, 119, 356]"
816,"[61, 63, 31, 78, 439, 187, 49]"
817,"[88, 326, 436, 331, 202]"
818,"[204, 366, 250, 53, 192, 137, 74, 349, 352, 282, 455, 444]"
819,"[278, 443, 267, 92, 491, 32, 410, 453, 242]"
820,"[380, 202, 356, 248, 174, 32, 67, 25]"
821,"[367, 248, 31, 29, 184, 443, 47, 403, 390, 348]"
822,"[153, 260, 223, 349, 485]"
823,"[358, 384, 400, 410, 96, 302, 201, 170, 303]"
824,"[3, 117, 212, 122, 358, 373, 315, 78, 377]"
825,"[449, 156]"
826,"[327, 213, 469, 312, 302, 420, 317, 469, 312, 407, 377, 258]"
827,"[105, 43, 476, 260, 356, 337, 443]"
828,"[337, 36, 221, 381, 183, 50, 74, 146, 174, 256, 15]"
829,"[305, 399, 189, 18, 498, 326, 155]"
830,"[203, 192, 314, 87, 459, 272, 210, 95, 49, 411]"
831,"[342, 322, 135, 135, 62]"
832,"[103, 353, 49, 182, 32, 295, 20]"
833,"[50, 95, 465, 315, 228, 246]"
834,"[494, 55, 165]"
835,"[236, 461, 204, 360, 111, 320, 415, 234, 20]"
836,"[436, 208, 432, 123, 449, 351, 357, 103]"
837,"[106, 350, 248, 396, 465, 226]"
838,"[384, 350, 429, 223, 418]"
839,"[143, 380, 445, 403, 118, 493, 126, 196, 420, 169]"
840,"[43, 289, 82]"
841,"[249, 37, 39, 315]"
842,"[224, 235, 447, 59, 347, 385, 118, 349]"
843,"[172, 232, 88, 173, 277, 174, 494, 317, 101, 279]"
844,"[226, 151, 372, 359, 214, 144, 214, 439, 390]"
845,"[249, 173, 70, 41]"
846,"[324, 110, 117, 110, 319, 83, 344, 178]"
847,"[500, 266, 373, 160, 324, 98, 404, 25, 80, 451, 326]"
848,"[32, 38, 386, 208, 464, 432, 367, 431, 144, 107]"
849,"[354, 497, 464, 128, 334, 198, 463, 233]"
850,"[405, 91, 291, 19, 215, 109, 496, 431, 200, 309, 364]"
851,"[274, 450, 93, 199, 416, 495, 68, 398, 450, 481]"
852,"[268, 190, 362, 6, 187]"
853,"[493, 119, 78, 113, 427, 244, 97, 152, 170, 237, 135, 317]"
854,"[416, 130, 39, 276, 478]"
855,"[46, 235, 174, 291, 100, 433, 375, 345, 394]"
856,"[155, 398, 256, 221, 63, 331, 373, 266, 43]"
857,"[53, 249, 351, 376, 405, 153]"
858,"[478, 473, 113, 115]"
859,"[279, 384, 108, 274, 168, 272, 197, 61, 378, 200, 287, 467]"
860,"[19, 476, 82, 24, 172, 184, 388]"
861,"[333, 90, 421, 268, 11, 16, 451, 68]"
862,"[140, 468, 264, 304, 37, 409, 487, 235, 31, 411, 245, 36]"
863,"[344, 289, 334, 239, 486, 284, 79, 32, 28, 135, 82]"
864,"[85, 301, 39, 233, 401, 25, 160, 225, 236]"
865,"[227, 53, 131, 360, 189, 157, 245]"
866,"[280, 361, 260, 443, 347, 90, 494, 292, 416, 451, 62, 493]"
867,"[366, 158, 8, 154]"
868,"[53, 180, 184, 295, 278, 346, 256, 106, 325, 223, 197, 166]"
869,"[481, 122, 155, 247, 49, 246, 332, 399, 245]"
870,"[474, 58, 234, 32, 159, 27, 249, 406, 343, 202, 324, 149]"
871,"[289, 443, 152, 388, 87, 190, 453, 45]"
872,"[54, 432, 110, 461, 224, 193, 130, 341, 479, 153, 85, 145, 462, 402, 154]"
873,"[88, 172, 458, 178, 336]"
874,"[11, 337, 223, 76, 59, 245]"
875,"[200, 295, 211, 189, 132, 45, 418]"
876,"[97, 325, 445, 137, 87, 60]"
877,"[139, 23]"
878,"[180, 374, 33, 497, 151, 82, 211]"
879,"[344, 199, 142, 388, 119, 363, 162, 157]"
880,"[266, 344, 309, 276, 53, 3, 425, 101, 268, 233, 119]"
881,"[222, 241, 272, 243, 115, 166, 144]"
882,"[204, 32, 482, 436]"
883,"[237, 296, 369, 1, 453]"
884,"[342, 184, 373, 238, 149, 185, 424, 171, 477]"
885,"[387, 429, 44, 264, 363]"
886,"[108, 33, 60, 81, 436, 454, 14, 351, 82, 152, 231, 318, 271]"
887,"[162, 390, 196, 498, 110, 73, 195, 240, 379, 315]"
888,"[25, 372, 335, 327, 449, 295, 467]"
889,"[23, 179, 213, 5, 247, 297, 108]"
890,"[321, 57, 285, 29, 162, 301, 489, 85, 452, 346, 63, 451, 421]"
891,"[121, 101, 457, 400, 4, 398, 101, 470, 124, 297]"
892,"[457, 2, 380, 436, 384, 85, 224, 206, 483, 488]"
893,"[12, 130, 217, 341, 388, 278, 310, 177, 92, 297, 77]"
894,"[50, 160, 408, 295, 298, 413]"
895,"[11, 129, 176, 274, 30, 12, 211, 42, 224, 76, 489]"
896,"[294, 301, 107, 410, 434]"
897,"[487, 264, 203, 485, 386, 20, 283, 261, 83, 148]"
898,"[198, 458, 275, 379, 215, 302, 82, 1]"
899,"[181, 81, 175, 393, 352, 148, 354, 18, 440, 331, 440]"
900,"[460, 320, 51, 214, 111, 347, 67, 111]"
901,"[421, 95, 462, 319, 44, 480, 94, 439, 486, 33, 198, 174]"
902,"[409, 30, 304, 405, 487, 416, 231, 380, 492, 120, 243, 400, 419, 366, 79, 395]"
903,"[487, 22, 293, 11, 92, 275, 455]"
904,"[315, 131, 449, 464, 163, 414, 426, 123]"
905,"[110, 33, 194, 97]"
906,"[390, 314, 321, 48]"
907,"[186, 288, 24, 36, 188, 90, 392, 2]"
908,"[394, 378, 20, 319, 250, 405, 56, 302, 60, 46, 85, 187, 334, 190, 496]"
909,"[352, 140, 74, 405, 289, 430]"
910,"[334, 283, 139, 189, 353, 311, 4, 157, 185, 405, 165]"
911,"[377, 440, 221, 4, 128, 323, 31, 390]"
912,"[373, 185, 372, 257, 168, 202]"
913,"[215, 36, 202, 52, 115]"
914,"[124, 353, 385, 471, 418, 8, 33, 493, 323, 373]"
915,"[76, 68, 148, 342, 313, 286, 449, 353]"
916,"[439, 66, 323, 322, 40, 42, 173, 48, 282, 195]"
917,"[367, 492, 59, 324, 59, 182]"
918,"[20, 227, 434, 294, 389, 81, 228, 272]"
919,"[324, 106, 1, 134, 336, 404, 250, 268, 487, 234, 467]"
920,"[149, 405, 381, 133]"
921,"[120, 254, 440, 408, 39]"
922,"[20, 336, 97, 367, 338]"
923,"[171, 324, 157, 391, 467, 242, 274, 100, 457]"
924,"[42, 277, 496, 80, 201, 196]"
925,"[295, 267, 182, 348, 94, 284, 486, 128, 459, 34]"
926,"[253, 354, 128, 420, 303, 434, 78, 439]"
927,"[315, 175, 47, 102, 448, 103, 171, 179, 442, 389, 353, 18, 323, 275]"
928,"[443, 102, 223, 491, 289, 492, 280]"
929,"[434, 380, 252, 354]"
930,"[422, 75, 190, 354, 289, 197, 84, 471, 223, 167, 312, 136, 247]"
931,"[98, 134, 72, 211]"
932,"[189, 54, 408, 42, 477, 388]"
933,"[34, 151, 423, 98, 385]"
934,"[174, 338, 296, 415, 79, 7, 227]"
935,"[198, 223, 159, 31, 395, 275]"
936,"[307, 41, 64, 19, 483, 83, 188]"
937,"[10, 461, 485, 364, 77, 250, 478, 418, 497, 259, 194, 327, 245]"
938,"[398, 396, 496, 338, 167, 419, 498, 162]"
939,"[343, 24, 85, 226, 70, 446, 475, 308, 107, 97]"
940,"[286, 24, 462, 142, 241, 4, 180, 57, 390, 38, 125]"
941,"[289, 76, 139, 267, 349, 285, 89, 364]"
942,"[133, 438, 399, 105, 128]"
943,"[94, 422, 359, 184, 355, 313]"
944,"[202, 48, 442, 107, 456, 271, 116, 427, 454, 19, 385, 24]"
945,"[442, 153, 21, 109, 33, 24]"
946,"[92, 127, 488, 433, 67, 465, 478, 462, 102, 28, 252]"
947,"[50, 235, 449]"
948,"[73, 283, 178, 161, 49, 368, 107, 360]"
949,"[224, 420, 399, 248, 183, 157, 364, 365, 448, 400]"
950,"[137, 55, 222, 93]"
951,"[239, 174, 178, 89, 8, 422, 366, 118, 108, 358, 183, 184, 257, 429, 223]"
952,"[275, 25, 29, 144, 265, 257, 475, 201, 256, 497]"
953,"[437, 71, 55, 420, 296]"
954,"[462, 406, 249, 466, 188, 433, 417, 52]"
955,"[163, 49, 230, 484, 323]"
956,"[403, 238, 454, 447, 238, 18, 397, 269, 221, 206, 201, 355]"
957,"[181, 143, 281, 297, 402, 376, 137, 272, 495]"
958,"[319, 161, 352, 63]"
959,"[166, 493, 244, 387, 156, 376, 413, 291, 415, 450, 177, 489, 59, 342, 136]"
960,"[483, 39, 135, 443, 477]"
961,"[150, 373, 302, 189, 101, 41, 320, 398, 221, 198, 216, 476, 250, 352]"
962,"[440, 235, 88, 423, 24, 219, 448]"
963,"[500, 105, 352, 13, 460, 100]"
964,"[262, 460, 242, 308, 62, 285, 264, 448, 262]"
965,"[351, 8, 467, 11, 464, 129, 470, 13]"
966,"[15, 270, 394, 168, 98, 37, 378, 271, 413, 424, 319, 415, 428, 345]"
967,"[415, 311, 370, 59, 332, 423, 296, 85, 123, 493, 465, 92, 471]"
968,"[156, 285, 105, 19, 263, 472, 200, 40, 447]"
969,"[105, 240, 271, 13, 235, 258, 158, 29, 175, 120]"
970,"[398, 409, 260, 442, 495, 472, 38, 437]"
971,"[409, 323, 118, 106, 145, 5, 415, 462]"
972,"[339, 250, 103]"
973,"[134, 34, 76, 139, 244, 143, 422, 15]"
974,"[354, 430, 274, 54, 433, 236, 325, 329]"
975,"[497, 46, 145, 92, 254, 91, 235, 378, 233]"
976,"[157, 322, 107, 374]"
977,"[415, 492, 493, 478, 13, 41, 91, 162, 151, 348, 201, 492]"
978,"[257, 98, 132, 49, 460, 485]"
979,"[307, 290, 3, 39]"
980,"[70, 230, 124, 121, 29, 475, 184]"
981,"[115, 124, 314, 323, 125]"
982,"[428, 25, 463, 118, 350, 249, 106, 371, 335, 393]"
983,"[73, 232, 75, 37, 428, 173, 380, 125]"
984,"[271, 177, 76, 435, 32, 25, 108, 10, 147, 475, 266, 313]"
985,"[350, 474, 5, 47, 266, 120]"
986,"[471, 164, 196, 45, 387, 102, 101, 287, 436, 461, 268, 473]"
987,"[25, 214, 231, 496, 38, 208, 260, 436]"
988,"[7, 235, 352, 327, 376, 206, 180, 305]"
989,"[278, 297, 340, 272, 339, 472, 79, 1, 57]"
990,"[468, 15, 448, 75, 137, 292, 45, 323, 442, 9]"
991,"[426, 68, 39, 401, 460, 426, 156, 131, 297]"
992,"[340, 6, 164, 65, 59, 454, 322, 120, 95, 93, 53, 352, 236, 397]"
993,"[253, 27, 445, 435, 134, 333, 297, 239, 236, 350, 451]"
994,"[421, 462, 225, 232, 382, 68, 270]"
995,"[44, 36, 117, 181, 8]"
996,"[315, 2, 357, 401, 56, 218, 435, 255]"
997,"[28, 292, 384, 56, 140, 294]"
998,"[137, 191, 232, 16, 367, 142]"
999,"[390, 288, 402, 248, 330, 230, 465, 137, 247, 489]"
1000,"[443, 325, 276, 265]"
